file_name,valence,arousal,dominance,liking
s01_t01,7.71,7.6,6.9,7.83
s01_t02,8.1,7.31,7.28,8.47
s01_t03,8.58,7.54,9.0,7.08
s01_t04,4.94,6.01,6.12,8.06
s01_t05,6.96,3.92,7.19,6.05
s01_t06,8.27,3.92,7.0,8.03
s01_t07,7.44,3.73,7.08,7.04
s01_t08,7.32,2.55,6.32,5.87
s01_t09,4.04,3.29,3.62,5.99
s01_t10,1.99,4.86,2.04,7.09
s01_t11,2.99,2.36,3.63,6.24
s01_t12,2.71,2.77,3.4,7.35
s01_t13,1.95,3.12,2.87,6.18
s01_t14,4.18,2.24,3.04,5.04
s01_t15,3.17,8.08,2.91,5.04
s01_t16,6.81,7.44,8.15,7.14
s01_t17,2.46,6.91,6.77,6.41
s01_t18,7.23,7.15,6.94,8.01
s01_t19,7.17,8.0,8.1,6.79
s01_t20,8.26,7.91,7.19,8.13
s01_t21,9.0,7.95,8.37,7.86
s01_t22,7.09,2.08,7.06,7.37
s01_t23,8.15,3.01,7.37,7.9
s01_t24,7.04,7.09,8.01,8.22
s01_t25,8.86,7.21,8.65,7.21
s01_t26,7.28,7.27,7.41,8.24
s01_t27,7.35,6.95,7.03,7.29
s01_t28,3.88,3.35,4.01,7.87
s01_t29,1.36,2.27,3.0,8.14
s01_t30,2.08,2.99,3.22,7.33
s01_t31,3.03,8.14,2.86,8.04
s01_t32,2.28,8.0,3.27,3.95
s01_t33,3.81,3.85,4.78,5.13
s01_t34,2.28,7.09,7.28,6.92
s01_t35,2.06,8.15,8.05,5.18
s01_t36,2.9,6.92,6.5,3.87
s01_t37,2.31,6.88,3.1,6.77
s01_t38,3.33,7.18,6.54,6.62
s01_t39,3.24,6.18,7.87,6.15
s01_t40,5.1,7.12,6.17,5.97
s02_t01,9.0,5.03,7.13,6.62
s02_t02,8.01,7.1,8.04,8.08
s02_t03,9.0,9.0,8.96,8.05
s02_t04,6.05,1.0,5.04,7.03
s02_t05,5.04,3.0,3.65,5.04
s02_t06,5.0,4.94,5.04,1.01
s02_t07,4.96,1.99,4.08,1.0
s02_t08,9.0,9.0,9.0,9.0
s02_t09,9.0,7.0,9.0,7.18
s02_t10,4.99,1.0,9.0,1.0
s02_t11,7.08,1.0,7.01,7.0
s02_t12,8.01,6.06,7.12,9.0
s02_t13,9.0,4.99,9.0,9.0
s02_t14,8.94,9.0,8.97,9.0
s02_t15,9.0,8.01,8.06,9.0
s02_t16,6.0,5.05,8.05,6.14
s02_t17,9.0,3.0,6.03,7.41
s02_t18,9.0,6.15,9.0,8.08
s02_t19,9.0,8.32,8.06,6.99
s02_t20,8.97,9.0,8.03,9.0
s02_t21,1.0,1.0,5.04,1.0
s02_t22,5.0,1.0,4.97,5.0
s02_t23,1.0,2.97,1.0,7.82
s02_t24,7.08,9.0,6.06,9.0
s02_t25,9.0,9.0,8.1,9.0
s02_t26,9.0,8.04,9.0,9.0
s02_t27,4.96,5.01,3.01,5.05
s02_t28,4.06,4.97,7.14,7.04
s02_t29,2.99,7.04,7.03,9.0
s02_t30,2.01,7.05,1.0,7.13
s02_t31,4.06,7.05,1.0,9.0
s02_t32,1.0,9.0,2.01,1.0
s02_t33,5.0,8.03,3.01,1.0
s02_t34,4.87,1.0,6.99,1.0
s02_t35,1.99,2.0,1.0,1.0
s02_t36,5.04,1.0,7.09,1.0
s02_t37,1.0,8.06,1.0,1.0
s02_t38,1.0,9.0,1.0,1.0
s02_t39,1.0,1.0,2.97,1.0
s02_t40,6.05,6.67,6.94,6.53
s03_t01,5.33,4.67,4.97,4.45
s03_t02,7.21,4.44,5.22,6.23
s03_t03,7.55,2.81,5.91,6.81
s03_t04,4.69,3.69,5.0,4.19
s03_t05,6.92,4.44,5.56,7.17
s03_t06,6.79,1.97,4.38,7.32
s03_t07,5.45,3.01,5.04,5.79
s03_t08,7.14,4.33,5.74,6.35
s03_t09,7.33,3.23,5.99,7.78
s03_t10,4.45,5.49,5.71,5.23
s03_t11,7.94,3.12,4.23,7.1
s03_t12,6.36,3.15,3.12,6.29
s03_t13,7.91,2.97,3.68,6.99
s03_t14,7.29,3.86,4.4,7.29
s03_t15,7.36,2.92,3.81,5.88
s03_t16,7.15,4.37,4.03,7.54
s03_t17,4.56,1.78,4.1,5.41
s03_t18,7.1,2.13,5.04,6.32
s03_t19,8.14,3.17,5.47,7.97
s03_t20,6.26,3.13,4.32,5.23
s03_t21,4.99,6.44,4.54,6.55
s03_t22,4.94,1.0,4.13,6.21
s03_t23,3.65,2.5,3.03,5.92
s03_t24,3.31,2.27,1.91,6.78
s03_t25,3.45,1.41,2.9,6.87
s03_t26,4.67,1.18,2.64,6.94
s03_t27,6.72,3.29,4.46,6.22
s03_t28,5.59,2.51,2.65,6.59
s03_t29,4.47,3.85,3.08,7.14
s03_t30,3.87,3.09,2.72,6.12
s03_t31,4.44,4.06,4.63,5.0
s03_t32,5.17,4.49,5.91,6.55
s03_t33,4.05,3.83,5.5,4.99
s03_t34,4.72,8.12,5.85,5.33
s03_t35,3.18,5.04,5.65,3.15
s03_t36,5.01,5.5,4.54,3.86
s03_t37,4.92,6.05,5.46,5.26
s03_t38,4.53,5.68,5.65,5.49
s03_t39,4.33,6.21,5.68,4.62
s03_t40,5.38,4.33,5.67,5.29
s04_t01,6.68,5.03,8.22,8.14
s04_t02,4.06,3.31,1.99,4.05
s04_t03,8.95,8.1,5.85,8.12
s04_t04,6.1,3.92,4.19,3.94
s04_t05,4.06,5.04,4.15,4.88
s04_t06,5.01,2.95,4.04,5.09
s04_t07,2.94,1.99,2.92,2.1
s04_t08,5.97,5.05,7.14,5.85
s04_t09,6.05,3.96,5.06,5.04
s04_t10,3.15,3.99,4.12,4.04
s04_t11,7.24,7.08,6.08,7.01
s04_t12,5.04,5.04,5.04,5.08
s04_t13,4.12,4.88,5.05,5.17
s04_t14,6.96,6.97,5.23,6.21
s04_t15,6.96,7.05,3.28,6.97
s04_t16,2.51,2.95,1.08,3.03
s04_t17,7.01,5.95,6.04,7.03
s04_t18,4.9,2.85,4.72,2.87
s04_t19,7.09,6.22,5.92,6.21
s04_t20,8.17,8.05,6.08,9.0
s04_t21,1.77,2.06,3.73,2.26
s04_t22,1.86,2.78,4.97,3.92
s04_t23,1.86,2.04,1.0,5.99
s04_t24,2.71,5.13,2.04,7.19
s04_t25,7.0,6.04,5.01,6.08
s04_t26,6.0,4.09,3.96,5.04
s04_t27,6.14,6.13,4.92,7.08
s04_t28,2.17,6.96,3.03,8.06
s04_t29,1.85,4.88,1.95,8.13
s04_t30,3.1,3.08,3.06,7.05
s04_t31,2.01,2.23,1.0,1.94
s04_t32,1.01,6.15,1.09,2.1
s04_t33,1.0,1.97,3.67,1.95
s04_t34,2.17,2.18,3.46,1.92
s04_t35,2.03,2.88,1.06,3.37
s04_t36,2.72,2.76,1.99,2.33
s04_t37,1.0,1.0,1.0,1.0
s04_t38,1.79,1.85,1.78,1.99
s04_t39,1.92,2.96,1.82,2.01
s04_t40,1.86,2.91,1.88,3.0
s05_t01,6.97,4.9,2.99,5.92
s05_t02,9.0,9.0,7.97,9.0
s05_t03,4.95,4.88,2.06,7.01
s05_t04,8.24,5.08,6.01,7.04
s05_t05,3.04,4.01,5.08,4.04
s05_t06,8.09,7.08,4.94,7.14
s05_t07,5.12,6.97,5.04,4.96
s05_t08,8.17,5.91,4.04,7.04
s05_t09,6.94,4.95,3.99,4.04
s05_t10,3.03,4.0,8.03,3.97
s05_t11,9.0,6.0,6.03,7.1
s05_t12,7.08,4.03,3.12,8.0
s05_t13,4.94,2.88,4.0,4.12
s05_t14,7.21,4.01,2.95,8.05
s05_t15,6.97,6.05,1.0,7.99
s05_t16,5.96,5.04,4.01,7.97
s05_t17,6.88,2.96,3.01,6.91
s05_t18,8.05,3.97,3.01,6.04
s05_t19,8.03,4.97,4.05,8.04
s05_t20,7.0,1.99,1.0,8.04
s05_t21,4.0,2.87,2.99,3.97
s05_t22,6.99,7.95,1.99,8.97
s05_t23,1.0,7.05,7.0,1.96
s05_t24,4.0,5.04,4.12,6.03
s05_t25,5.96,4.87,3.06,7.05
s05_t26,7.96,3.0,1.0,9.0
s05_t27,7.0,1.99,2.0,6.27
s05_t28,3.9,4.08,2.86,5.04
s05_t29,4.04,3.01,1.91,5.05
s05_t30,2.94,8.1,9.0,9.0
s05_t31,6.9,6.04,7.95,4.05
s05_t32,1.94,4.12,2.06,1.94
s05_t33,5.17,9.0,8.01,3.99
s05_t34,6.03,6.97,8.1,6.0
s05_t35,4.86,8.1,8.17,3.97
s05_t36,4.91,9.0,9.0,3.88
s05_t37,1.91,7.01,6.04,1.0
s05_t38,1.0,3.91,6.13,1.04
s05_t39,1.0,4.86,7.05,1.0
s05_t40,7.0,6.96,8.0,2.92
s06_t01,8.19,4.13,6.56,7.47
s06_t02,6.83,6.62,7.08,5.96
s06_t03,7.69,5.99,6.87,6.49
s06_t04,7.55,6.79,7.56,7.05
s06_t05,7.01,7.38,6.55,7.36
s06_t06,8.05,4.5,7.58,6.63
s06_t07,8.26,8.27,7.28,8.0
s06_t08,7.05,2.69,5.0,6.83
s06_t09,7.87,5.13,6.1,8.28
s06_t10,7.37,5.46,8.4,8.03
s06_t11,4.99,2.5,7.31,4.03
s06_t12,7.17,3.12,6.87,2.99
s06_t13,7.79,3.95,7.38,6.99
s06_t14,6.32,3.49,7.4,5.38
s06_t15,5.59,3.79,3.68,4.04
s06_t16,5.06,7.45,3.67,7.08
s06_t17,6.72,3.63,2.88,6.15
s06_t18,7.59,5.81,6.14,6.37
s06_t19,7.41,5.6,6.67,6.91
s06_t20,5.01,3.05,6.59,3.03
s06_t21,6.28,4.59,3.42,6.13
s06_t22,7.56,3.19,2.46,7.23
s06_t23,3.47,3.54,3.59,4.55
s06_t24,3.5,4.01,3.41,4.22
s06_t25,7.09,6.42,3.49,6.36
s06_t26,5.08,3.37,6.22,2.79
s06_t27,5.08,3.47,3.74,3.08
s06_t28,6.42,3.62,7.78,6.99
s06_t29,4.27,5.45,3.71,6.63
s06_t30,6.99,3.79,3.83,7.1
s06_t31,3.65,3.49,4.05,6.36
s06_t32,6.99,4.5,7.12,8.05
s06_t33,6.68,4.37,7.96,3.88
s06_t34,3.31,4.45,6.23,2.36
s06_t35,3.96,5.71,3.06,3.71
s06_t36,5.71,6.21,8.49,7.46
s06_t37,4.83,5.74,4.56,2.18
s06_t38,4.44,5.58,3.12,5.04
s06_t39,6.56,6.5,7.53,7.4
s06_t40,4.85,4.64,5.04,5.03
s07_t01,8.1,4.01,1.92,7.06
s07_t02,7.15,5.96,3.96,6.91
s07_t03,7.1,4.12,3.03,6.09
s07_t04,7.08,5.03,3.0,2.97
s07_t05,7.05,6.99,6.04,8.05
s07_t06,6.97,6.04,3.0,7.03
s07_t07,7.08,7.06,7.06,7.03
s07_t08,7.0,5.99,7.04,7.06
s07_t09,6.99,4.0,7.08,7.05
s07_t10,7.09,7.04,8.06,7.09
s07_t11,7.03,7.09,2.97,8.06
s07_t12,6.99,4.05,5.0,7.1
s07_t13,8.0,2.96,1.94,7.1
s07_t14,7.09,5.03,4.97,7.12
s07_t15,7.99,3.01,1.0,7.03
s07_t16,3.03,5.04,3.95,7.05
s07_t17,7.12,2.05,3.0,8.1
s07_t18,7.03,3.06,5.03,7.01
s07_t19,6.99,6.04,6.03,7.0
s07_t20,8.06,6.06,2.05,7.14
s07_t21,3.12,5.99,6.06,6.94
s07_t22,3.05,2.03,1.0,6.94
s07_t23,3.01,3.04,5.03,6.96
s07_t24,1.97,7.03,1.0,7.1
s07_t25,2.99,3.03,1.99,7.1
s07_t26,2.0,4.04,3.13,7.08
s07_t27,6.09,3.04,1.96,7.97
s07_t28,2.05,2.0,3.01,6.95
s07_t29,7.09,2.94,1.0,7.0
s07_t30,3.09,6.08,5.04,2.96
s07_t31,6.96,7.03,5.03,7.05
s07_t32,4.96,7.09,8.05,7.99
s07_t33,4.97,7.08,6.99,7.0
s07_t34,4.01,7.13,7.06,2.0
s07_t35,5.01,8.05,8.09,6.92
s07_t36,8.1,9.0,7.0,7.01
s07_t37,5.05,7.04,7.12,7.03
s07_t38,5.03,7.1,7.03,5.99
s07_t39,7.01,7.01,7.05,7.08
s07_t40,7.01,7.03,6.03,7.05
s08_t01,7.6,6.78,7.86,7.47
s08_t02,5.04,6.51,5.65,6.32
s08_t03,8.15,6.96,7.33,7.96
s08_t04,6.82,8.23,5.0,8.12
s08_t05,4.41,7.72,5.62,6.67
s08_t06,7.4,7.26,5.94,7.04
s08_t07,5.04,5.04,5.04,4.95
s08_t08,8.82,6.4,6.31,8.53
s08_t09,8.78,7.24,6.35,8.22
s08_t10,4.97,3.6,6.94,3.77
s08_t11,8.41,5.0,5.12,7.54
s08_t12,8.47,6.54,4.01,8.19
s08_t13,7.9,5.09,3.9,8.1
s08_t14,6.88,4.97,5.12,7.38
s08_t15,8.33,5.04,5.17,7.31
s08_t16,4.21,5.06,5.0,6.24
s08_t17,6.67,4.77,5.04,6.6
s08_t18,7.21,4.03,5.44,6.64
s08_t19,5.04,6.28,5.04,5.81
s08_t20,6.74,4.21,6.44,7.08
s08_t21,4.68,6.41,6.27,7.33
s08_t22,4.23,5.79,1.19,7.79
s08_t23,3.59,3.68,3.44,6.6
s08_t24,4.15,4.56,3.35,7.86
s08_t25,3.72,3.9,3.5,7.71
s08_t26,4.99,4.99,5.04,7.44
s08_t27,4.46,4.59,6.65,6.21
s08_t28,5.04,4.96,5.04,8.68
s08_t29,2.78,2.99,3.62,7.15
s08_t30,1.4,3.13,1.21,7.95
s08_t31,1.45,6.6,1.45,3.27
s08_t32,6.33,8.23,8.23,8.83
s08_t33,4.44,6.44,5.94,5.51
s08_t34,5.05,6.83,5.92,6.69
s08_t35,3.62,6.67,6.74,5.9
s08_t36,1.21,7.94,3.03,9.0
s08_t37,5.06,3.31,3.21,4.55
s08_t38,4.72,4.69,5.65,5.65
s08_t39,5.05,3.46,3.45,2.88
s08_t40,3.13,5.03,4.95,3.81
s09_t01,5.05,4.04,3.01,4.97
s09_t02,7.08,6.14,5.0,7.03
s09_t03,7.08,7.14,7.09,7.06
s09_t04,5.99,5.97,5.03,6.09
s09_t05,4.99,4.96,3.94,5.12
s09_t06,7.04,6.19,6.13,7.08
s09_t07,5.08,5.01,3.9,5.03
s09_t08,6.15,5.0,5.03,5.99
s09_t09,5.96,4.05,4.04,5.01
s09_t10,3.94,3.96,3.99,3.96
s09_t11,7.12,7.1,7.14,7.0
s09_t12,7.08,6.99,7.09,6.13
s09_t13,8.15,7.04,8.17,8.08
s09_t14,7.0,6.13,7.12,7.04
s09_t15,6.21,6.01,4.99,6.06
s09_t16,4.05,4.0,3.87,6.04
s09_t17,6.03,6.04,5.03,6.06
s09_t18,4.9,4.97,4.96,5.03
s09_t19,3.97,4.03,3.94,4.99
s09_t20,5.12,4.97,5.0,5.29
s09_t21,4.04,4.01,4.12,4.0
s09_t22,3.99,4.0,3.97,4.99
s09_t23,5.0,4.97,3.09,5.97
s09_t24,4.03,5.01,6.08,4.97
s09_t25,5.04,4.04,5.04,5.04
s09_t26,4.1,4.1,4.03,5.12
s09_t27,5.04,5.05,4.97,5.03
s09_t28,2.96,7.08,2.96,6.05
s09_t29,3.99,4.15,3.0,4.99
s09_t30,4.04,6.06,3.96,6.06
s09_t31,6.06,6.06,5.03,6.05
s09_t32,3.1,5.97,3.06,4.06
s09_t33,3.08,4.06,2.96,4.13
s09_t34,5.06,6.1,4.01,6.03
s09_t35,3.01,6.03,2.96,5.96
s09_t36,3.08,7.05,6.95,7.06
s09_t37,2.99,6.09,2.97,6.06
s09_t38,2.92,6.09,1.99,6.12
s09_t39,3.17,6.1,4.03,6.04
s09_t40,5.04,5.01,4.04,4.96
s10_t01,7.91,6.15,6.67,7.63
s10_t02,3.55,5.76,6.64,5.12
s10_t03,5.86,4.45,5.82,6.01
s10_t04,7.01,5.91,6.01,6.86
s10_t05,7.24,6.23,8.13,7.9
s10_t06,7.1,6.0,6.82,6.85
s10_t07,8.96,7.58,4.95,7.09
s10_t08,5.68,4.05,6.05,6.22
s10_t09,7.56,6.21,7.59,7.27
s10_t10,5.94,6.0,6.14,6.23
s10_t11,8.99,7.14,7.09,9.0
s10_t12,5.37,4.37,3.95,6.65
s10_t13,6.72,3.64,4.67,6.08
s10_t14,8.81,4.91,5.9,7.97
s10_t15,5.31,2.88,3.85,5.04
s10_t16,3.85,2.83,2.99,4.09
s10_t17,4.95,3.96,4.22,6.17
s10_t18,7.31,3.44,5.18,8.12
s10_t19,7.82,5.19,6.01,7.82
s10_t20,5.58,3.26,3.76,5.77
s10_t21,2.97,5.22,2.85,6.0
s10_t22,4.24,2.96,4.04,3.35
s10_t23,2.87,4.24,3.21,5.44
s10_t24,6.82,2.03,6.05,1.73
s10_t25,1.92,4.01,3.17,7.18
s10_t26,4.95,1.68,5.1,5.96
s10_t27,4.94,2.97,5.05,5.1
s10_t28,4.31,3.87,4.5,6.29
s10_t29,3.94,2.97,5.04,5.47
s10_t30,2.64,5.04,3.18,4.99
s10_t31,4.15,5.49,3.6,5.53
s10_t32,5.96,7.47,9.0,6.44
s10_t33,4.94,5.73,5.03,4.88
s10_t34,3.91,5.95,5.04,4.1
s10_t35,1.38,5.97,5.97,4.1
s10_t36,2.17,6.18,4.26,3.01
s10_t37,2.92,6.26,4.78,3.04
s10_t38,1.91,5.46,2.97,3.23
s10_t39,2.17,6.21,6.21,3.87
s10_t40,5.78,6.15,7.04,6.44
s11_t01,6.27,4.03,7.41,6.5
s11_t02,5.67,3.86,6.03,5.63
s11_t03,7.41,5.21,7.45,6.27
s11_t04,7.65,6.53,8.27,7.06
s11_t05,7.41,6.4,7.55,6.68
s11_t06,5.32,5.38,5.27,2.78
s11_t07,6.37,4.72,5.13,6.22
s11_t08,6.26,6.14,7.54,6.1
s11_t09,7.04,6.42,8.31,8.32
s11_t10,6.53,1.29,8.41,2.36
s11_t11,7.32,2.74,6.86,5.19
s11_t12,5.04,1.01,7.46,1.37
s11_t13,8.42,1.82,6.01,7.69
s11_t14,7.96,5.04,7.32,6.03
s11_t15,6.92,1.06,5.95,3.04
s11_t16,4.35,1.23,4.41,1.79
s11_t17,8.32,3.19,6.19,6.19
s11_t18,7.95,2.96,8.33,7.08
s11_t19,5.54,2.6,6.4,5.06
s11_t20,6.0,1.05,5.12,1.0
s11_t21,3.27,2.41,1.58,6.31
s11_t22,6.15,1.17,6.01,6.4
s11_t23,3.72,2.73,6.35,6.95
s11_t24,2.88,1.06,6.44,1.33
s11_t25,5.01,1.72,6.14,2.53
s11_t26,5.49,1.01,5.81,6.18
s11_t27,2.28,7.2,1.36,2.9
s11_t28,4.26,1.13,4.94,6.78
s11_t29,2.32,2.83,2.4,1.55
s11_t30,4.58,4.96,3.83,1.0
s11_t31,1.83,3.78,2.33,5.01
s11_t32,5.01,6.83,6.1,7.1
s11_t33,5.64,6.36,5.86,1.24
s11_t34,4.88,4.95,4.94,1.24
s11_t35,1.23,8.1,4.94,1.05
s11_t36,3.62,6.36,5.97,1.42
s11_t37,1.47,8.12,2.09,1.24
s11_t38,1.35,7.45,1.19,1.22
s11_t39,1.0,8.7,1.14,1.01
s11_t40,4.95,2.9,3.69,4.96
s12_t01,7.09,7.1,7.24,6.82
s12_t02,6.09,7.14,5.24,6.15
s12_t03,7.33,7.33,7.12,7.92
s12_t04,6.86,9.0,6.15,6.22
s12_t05,4.01,8.21,2.97,2.82
s12_t06,6.65,7.08,6.09,6.03
s12_t07,6.77,7.01,6.64,6.97
s12_t08,5.1,6.1,3.28,3.81
s12_t09,7.95,8.74,8.03,7.79
s12_t10,4.06,6.96,3.91,2.76
s12_t11,7.78,5.09,7.13,7.27
s12_t12,6.86,6.9,4.88,6.04
s12_t13,7.99,6.91,8.01,7.95
s12_t14,8.15,5.19,8.27,7.85
s12_t15,7.08,5.95,6.19,6.29
s12_t16,5.04,3.05,3.79,5.96
s12_t17,4.86,2.87,5.05,2.94
s12_t18,7.35,5.13,7.95,7.82
s12_t19,7.03,6.88,6.21,6.94
s12_t20,7.35,6.91,7.94,9.0
s12_t21,2.13,4.88,1.96,3.88
s12_t22,3.33,3.17,3.33,5.19
s12_t23,1.74,3.15,2.01,2.09
s12_t24,2.79,4.86,3.05,6.01
s12_t25,2.78,5.1,2.68,3.04
s12_t26,6.08,5.14,5.24,6.36
s12_t27,5.05,5.01,6.22,6.23
s12_t28,5.04,3.03,2.91,5.99
s12_t29,1.67,5.21,1.92,6.21
s12_t30,3.36,7.18,7.27,6.22
s12_t31,3.18,7.37,3.03,3.18
s12_t32,1.86,6.95,2.01,1.03
s12_t33,1.9,7.97,1.9,2.04
s12_t34,4.87,8.24,1.97,1.0
s12_t35,1.22,8.9,2.88,1.0
s12_t36,2.82,7.14,3.88,2.94
s12_t37,1.0,7.96,1.85,1.18
s12_t38,2.85,6.86,3.1,2.23
s12_t39,3.18,7.17,2.88,3.17
s12_t40,6.81,8.72,6.94,7.08
s13_t01,6.15,8.09,5.01,6.08
s13_t02,4.03,7.51,8.09,3.58
s13_t03,9.0,7.06,5.09,6.96
s13_t04,7.08,7.01,6.05,7.01
s13_t05,5.01,7.97,8.01,6.03
s13_t06,4.46,6.97,7.1,5.0
s13_t07,2.99,8.03,8.08,1.0
s13_t08,7.99,7.03,7.03,8.12
s13_t09,7.06,6.99,6.04,7.08
s13_t10,4.01,9.0,7.05,6.04
s13_t11,7.04,6.06,4.04,7.05
s13_t12,5.08,3.08,6.08,6.01
s13_t13,9.0,7.06,4.06,9.0
s13_t14,7.97,5.04,6.1,7.99
s13_t15,4.94,1.55,7.03,1.97
s13_t16,5.0,1.0,1.0,4.1
s13_t17,5.99,5.03,3.04,6.01
s13_t18,7.94,5.99,3.03,7.06
s13_t19,8.51,5.97,6.01,8.51
s13_t20,7.6,6.06,4.99,7.03
s13_t21,2.0,6.0,1.95,4.04
s13_t22,4.01,4.96,2.99,6.05
s13_t23,1.0,5.99,1.0,6.95
s13_t24,2.97,4.04,1.91,7.09
s13_t25,3.97,6.04,5.09,8.01
s13_t26,5.04,4.0,7.01,5.99
s13_t27,5.47,6.08,2.0,8.53
s13_t28,7.08,8.01,4.03,7.1
s13_t29,4.04,7.04,1.99,7.59
s13_t30,3.05,7.06,1.99,2.92
s13_t31,1.97,9.0,1.0,7.06
s13_t32,4.05,9.0,6.01,5.99
s13_t33,4.55,7.01,8.04,4.42
s13_t34,2.92,8.99,9.0,3.04
s13_t35,1.0,9.0,1.0,3.03
s13_t36,2.54,8.01,9.0,4.08
s13_t37,1.0,8.97,1.0,2.08
s13_t38,1.0,9.0,1.0,1.0
s13_t39,1.97,9.0,1.99,2.01
s13_t40,4.08,9.0,7.03,7.08
s14_t01,8.22,7.78,4.0,7.42
s14_t02,6.05,7.9,5.06,5.01
s14_t03,7.5,6.68,7.14,7.58
s14_t04,7.38,6.72,6.18,6.94
s14_t05,3.99,7.06,7.99,8.03
s14_t06,7.19,6.83,6.55,7.67
s14_t07,6.85,5.53,6.18,7.62
s14_t08,7.0,6.21,7.18,7.96
s14_t09,7.69,7.44,8.42,8.92
s14_t10,1.88,8.03,7.09,4.05
s14_t11,8.03,4.26,5.73,7.85
s14_t12,7.63,2.6,5.08,7.01
s14_t13,6.79,3.19,3.88,6.85
s14_t14,8.03,4.36,7.99,7.99
s14_t15,7.08,3.37,5.14,7.17
s14_t16,3.96,2.35,3.65,4.51
s14_t17,6.06,3.32,6.28,6.04
s14_t18,8.09,3.15,5.08,7.53
s14_t19,7.55,5.92,6.06,5.23
s14_t20,7.33,6.63,3.27,4.65
s14_t21,1.03,6.09,1.94,3.78
s14_t22,4.1,3.14,3.01,5.01
s14_t23,2.41,5.95,2.69,6.96
s14_t24,2.36,6.19,2.45,5.71
s14_t25,3.87,3.09,3.06,6.36
s14_t26,3.28,2.32,4.0,6.77
s14_t27,5.81,3.09,3.97,6.74
s14_t28,2.53,2.96,2.1,6.0
s14_t29,2.92,5.96,3.24,6.53
s14_t30,1.1,5.94,3.14,7.04
s14_t31,3.26,6.49,6.27,5.82
s14_t32,1.99,6.95,7.01,3.4
s14_t33,3.18,5.83,3.81,2.9
s14_t34,2.5,6.08,2.73,1.09
s14_t35,2.68,6.17,3.68,3.49
s14_t36,2.01,6.21,6.13,2.01
s14_t37,3.47,5.96,4.04,2.4
s14_t38,2.26,5.77,3.23,3.13
s14_t39,6.65,7.06,7.78,2.78
s14_t40,6.68,6.86,6.0,5.23
s15_t01,8.9,5.86,7.26,8.04
s15_t02,5.04,4.06,5.03,6.09
s15_t03,8.04,5.0,7.06,9.0
s15_t04,8.04,3.96,6.04,8.04
s15_t05,9.0,7.15,9.0,9.0
s15_t06,9.0,5.13,8.01,8.95
s15_t07,5.04,3.06,5.95,5.01
s15_t08,9.0,5.04,9.0,7.05
s15_t09,9.0,5.06,6.99,8.03
s15_t10,4.99,5.04,7.06,5.95
s15_t11,8.99,5.01,7.26,9.0
s15_t12,7.08,2.99,6.06,6.13
s15_t13,7.06,4.04,6.0,8.05
s15_t14,8.15,3.95,7.03,9.0
s15_t15,8.12,4.03,9.0,7.05
s15_t16,4.17,2.95,4.03,6.06
s15_t17,8.1,2.96,7.04,8.12
s15_t18,7.04,4.05,6.96,7.05
s15_t19,7.04,3.01,6.08,7.0
s15_t20,7.97,5.06,7.06,9.0
s15_t21,3.09,3.14,3.13,4.1
s15_t22,4.12,2.04,4.06,3.96
s15_t23,3.05,4.12,2.88,4.03
s15_t24,1.92,6.05,2.92,8.01
s15_t25,2.96,5.04,2.95,8.0
s15_t26,4.96,3.04,2.95,6.0
s15_t27,6.0,4.14,5.17,8.06
s15_t28,4.01,4.97,4.04,7.04
s15_t29,4.05,6.08,4.01,8.0
s15_t30,2.04,6.99,4.03,6.95
s15_t31,2.99,4.01,3.03,2.95
s15_t32,3.97,6.05,3.1,1.0
s15_t33,3.01,4.01,4.13,1.0
s15_t34,3.01,7.13,2.97,1.0
s15_t35,5.05,6.91,5.03,2.1
s15_t36,3.96,5.0,4.08,2.03
s15_t37,3.04,5.04,1.9,1.0
s15_t38,2.08,7.03,1.03,1.0
s15_t39,4.0,5.03,2.01,1.0
s15_t40,4.01,7.12,1.04,2.12
s16_t01,2.51,5.65,2.9,1.97
s16_t02,6.45,5.03,5.04,5.54
s16_t03,6.74,5.83,6.37,6.83
s16_t04,7.09,5.67,2.53,5.65
s16_t05,5.51,7.9,9.0,8.14
s16_t06,4.99,3.63,5.05,2.78
s16_t07,6.83,2.87,6.17,7.14
s16_t08,3.51,2.88,7.14,1.5
s16_t09,4.18,4.24,4.55,2.96
s16_t10,5.14,7.5,9.0,7.01
s16_t11,7.27,4.27,5.04,3.15
s16_t12,5.97,3.9,4.1,6.01
s16_t13,3.88,2.14,1.42,2.54
s16_t14,3.64,6.28,2.83,6.96
s16_t15,2.67,5.53,1.0,6.05
s16_t16,4.97,1.0,5.05,2.76
s16_t17,1.21,8.47,1.19,9.0
s16_t18,6.56,5.72,5.22,7.37
s16_t19,2.86,2.94,3.9,2.4
s16_t20,3.82,5.87,7.63,1.87
s16_t21,4.42,2.0,6.22,2.62
s16_t22,6.79,1.0,5.03,4.36
s16_t23,3.9,3.83,2.77,3.54
s16_t24,2.51,5.38,1.53,5.99
s16_t25,2.47,3.45,2.4,2.13
s16_t26,1.82,6.21,3.36,7.56
s16_t27,2.59,5.49,2.88,1.83
s16_t28,2.85,3.38,3.44,6.69
s16_t29,3.23,2.79,3.09,2.62
s16_t30,6.1,3.68,3.88,6.05
s16_t31,3.88,5.79,5.04,6.19
s16_t32,5.01,8.12,4.96,2.86
s16_t33,1.0,3.92,4.96,1.0
s16_t34,1.0,7.53,1.0,1.0
s16_t35,1.0,3.71,4.22,1.82
s16_t36,5.05,3.83,6.17,5.88
s16_t37,6.09,5.5,6.44,5.83
s16_t38,4.27,6.26,7.94,6.53
s16_t39,6.13,5.97,8.49,6.0
s16_t40,3.74,3.77,4.05,6.19
s17_t01,4.05,5.96,5.01,5.04
s17_t02,7.26,7.03,5.28,7.31
s17_t03,6.46,5.78,5.04,6.04
s17_t04,6.35,5.56,5.74,4.04
s17_t05,7.05,8.15,6.12,7.35
s17_t06,6.9,5.95,5.37,7.14
s17_t07,7.08,6.6,5.87,8.13
s17_t08,6.05,4.99,5.0,6.03
s17_t09,6.04,6.13,5.1,6.24
s17_t10,6.09,7.05,5.54,6.06
s17_t11,6.03,5.67,5.86,6.1
s17_t12,5.96,3.68,5.59,4.96
s17_t13,4.54,5.51,5.08,6.47
s17_t14,6.58,5.85,5.59,7.32
s17_t15,5.96,4.06,5.04,5.99
s17_t16,5.92,3.62,5.6,6.28
s17_t17,4.12,2.5,5.04,3.83
s17_t18,6.22,3.83,5.49,7.69
s17_t19,7.27,6.03,5.04,6.1
s17_t20,7.03,3.88,5.87,6.27
s17_t21,4.0,4.09,5.24,4.21
s17_t22,3.19,3.82,5.72,5.69
s17_t23,3.62,2.95,5.04,2.92
s17_t24,4.53,4.27,4.5,6.06
s17_t25,6.18,4.0,5.04,6.47
s17_t26,3.73,2.77,5.81,3.73
s17_t27,3.96,3.29,5.04,2.62
s17_t28,5.64,3.78,5.77,6.04
s17_t29,5.54,5.0,5.47,5.9
s17_t30,3.04,5.81,4.59,6.08
s17_t31,4.54,5.69,4.23,5.63
s17_t32,4.04,5.86,5.08,3.94
s17_t33,3.83,5.74,5.55,2.86
s17_t34,4.99,6.38,4.82,2.88
s17_t35,4.17,5.74,5.46,2.35
s17_t36,3.37,6.12,5.31,2.15
s17_t37,3.46,7.03,5.86,1.0
s17_t38,3.6,6.23,5.81,2.4
s17_t39,7.1,7.03,5.95,4.01
s17_t40,5.04,6.03,5.05,5.72
s18_t01,6.33,6.74,5.74,6.26
s18_t02,6.87,6.09,6.36,5.67
s18_t03,6.36,6.72,6.08,6.32
s18_t04,6.65,7.97,6.73,6.78
s18_t05,6.13,7.72,7.54,7.59
s18_t06,6.51,6.04,5.33,6.05
s18_t07,7.33,6.94,6.88,6.28
s18_t08,5.0,5.49,5.97,4.59
s18_t09,6.55,6.03,5.94,6.56
s18_t10,6.09,7.29,7.31,7.73
s18_t11,6.24,6.6,6.03,5.47
s18_t12,5.55,4.63,5.04,4.13
s18_t13,7.33,4.09,4.86,6.15
s18_t14,6.62,3.94,6.14,6.09
s18_t15,6.04,5.35,5.5,4.77
s18_t16,4.38,4.03,5.73,3.67
s18_t17,7.74,5.77,7.03,8.51
s18_t18,7.05,3.08,5.97,6.64
s18_t19,7.04,6.83,6.05,7.29
s18_t20,6.24,5.71,5.77,5.99
s18_t21,3.92,4.33,4.4,4.29
s18_t22,5.69,3.97,5.03,4.12
s18_t23,3.71,4.31,4.99,4.31
s18_t24,3.22,6.21,2.81,6.35
s18_t25,4.23,5.6,5.73,3.69
s18_t26,5.44,3.08,5.58,4.05
s18_t27,5.94,5.24,5.9,5.36
s18_t28,5.95,4.38,5.41,5.94
s18_t29,4.9,4.22,4.29,3.92
s18_t30,2.96,5.51,3.78,4.46
s18_t31,4.44,6.05,6.97,6.4
s18_t32,4.62,6.73,6.32,5.91
s18_t33,4.56,4.15,6.21,3.13
s18_t34,4.15,3.26,6.28,3.22
s18_t35,5.12,7.06,6.81,6.03
s18_t36,5.24,6.99,7.08,6.05
s18_t37,4.0,6.24,6.37,4.05
s18_t38,4.51,4.04,5.01,3.01
s18_t39,4.06,4.58,5.64,3.99
s18_t40,5.0,6.06,6.09,4.99
s19_t01,7.44,6.45,5.91,6.95
s19_t02,6.46,6.81,5.83,6.29
s19_t03,6.82,7.04,6.03,7.31
s19_t04,5.77,5.53,4.05,5.74
s19_t05,7.79,8.62,7.96,9.0
s19_t06,7.73,6.9,5.97,7.71
s19_t07,6.64,6.59,5.0,6.83
s19_t08,7.44,6.67,6.53,6.94
s19_t09,7.09,5.67,5.03,6.87
s19_t10,5.01,7.67,6.78,8.01
s19_t11,5.83,5.63,5.91,6.19
s19_t12,6.26,5.67,3.53,6.21
s19_t13,7.53,6.49,5.05,7.56
s19_t14,6.76,3.01,2.05,6.13
s19_t15,5.68,2.73,2.56,6.42
s19_t16,3.24,1.95,2.6,5.5
s19_t17,7.38,3.54,3.29,8.77
s19_t18,7.77,6.35,5.03,7.53
s19_t19,7.65,7.05,6.19,7.96
s19_t20,6.13,6.01,4.95,3.29
s19_t21,2.19,3.28,3.08,6.13
s19_t22,5.04,4.87,5.04,5.26
s19_t23,3.77,3.74,2.12,4.51
s19_t24,3.23,4.01,5.83,5.41
s19_t25,2.19,3.81,3.29,7.54
s19_t26,4.95,3.53,2.41,5.41
s19_t27,4.97,2.97,5.04,3.51
s19_t28,6.21,2.08,2.88,6.96
s19_t29,2.82,5.44,4.09,3.74
s19_t30,2.85,2.26,3.76,6.58
s19_t31,5.03,5.88,4.58,2.74
s19_t32,4.96,7.71,6.99,6.74
s19_t33,3.4,7.13,6.24,1.44
s19_t34,4.17,6.53,5.82,4.88
s19_t35,3.21,6.03,6.4,1.0
s19_t36,3.71,5.95,5.54,2.96
s19_t37,3.15,5.53,5.92,1.0
s19_t38,1.62,7.58,5.81,1.0
s19_t39,5.04,5.05,5.04,1.0
s19_t40,4.24,6.33,6.06,1.83
s20_t01,5.76,4.78,3.78,5.31
s20_t02,6.77,5.04,3.1,6.81
s20_t03,7.18,4.23,5.69,7.37
s20_t04,7.05,5.92,5.46,6.91
s20_t05,8.82,8.06,7.86,8.32
s20_t06,7.62,5.74,3.18,7.79
s20_t07,5.27,7.01,5.04,6.24
s20_t08,7.63,5.92,7.85,7.68
s20_t09,8.22,7.31,5.04,8.1
s20_t10,5.13,6.81,4.08,8.06
s20_t11,8.18,6.41,7.1,7.37
s20_t12,7.64,5.46,6.44,6.36
s20_t13,7.91,5.04,7.37,7.72
s20_t14,6.4,5.6,4.67,5.81
s20_t15,6.35,5.26,4.68,6.29
s20_t16,5.03,3.0,2.63,3.71
s20_t17,5.04,4.99,5.04,6.68
s20_t18,7.35,6.36,3.69,7.22
s20_t19,7.59,5.62,6.06,7.63
s20_t20,6.65,5.31,5.32,5.96
s20_t21,4.97,4.92,5.04,3.03
s20_t22,4.06,5.36,3.78,5.95
s20_t23,2.82,6.31,2.38,7.81
s20_t24,3.0,5.01,2.94,5.54
s20_t25,2.99,5.04,5.04,5.04
s20_t26,4.31,3.24,2.26,5.04
s20_t27,5.03,3.91,4.95,3.96
s20_t28,5.01,3.26,5.04,5.88
s20_t29,2.44,5.47,2.17,7.19
s20_t30,3.49,6.54,2.04,6.29
s20_t31,4.46,6.28,2.73,4.46
s20_t32,6.28,5.71,4.23,5.55
s20_t33,4.64,6.01,5.04,4.08
s20_t34,4.74,7.08,4.59,2.62
s20_t35,4.35,7.45,5.04,3.18
s20_t36,4.29,7.49,3.35,5.44
s20_t37,3.01,5.28,3.99,2.47
s20_t38,3.38,5.94,4.49,2.97
s20_t39,4.67,6.13,3.71,3.47
s20_t40,4.94,2.83,4.51,2.28
s21_t01,6.42,4.21,6.13,3.55
s21_t02,7.05,6.04,4.06,6.03
s21_t03,4.83,3.35,4.96,2.73
s21_t04,5.05,6.01,5.0,3.03
s21_t05,8.09,7.15,8.55,7.01
s21_t06,7.92,7.05,6.14,6.86
s21_t07,7.05,6.58,7.17,6.54
s21_t08,8.81,7.1,7.13,7.94
s21_t09,8.56,7.0,8.6,8.03
s21_t10,7.05,6.88,8.09,6.49
s21_t11,7.05,6.56,9.0,5.97
s21_t12,4.63,4.06,3.08,6.13
s21_t13,4.27,6.17,4.83,4.71
s21_t14,8.1,7.1,6.87,6.94
s21_t15,6.92,5.99,6.0,6.1
s21_t16,5.99,7.1,7.09,7.01
s21_t17,5.53,4.01,5.03,2.91
s21_t18,7.99,8.23,8.05,7.51
s21_t19,7.26,6.29,7.72,6.78
s21_t20,2.33,6.05,2.83,4.06
s21_t21,4.08,2.91,2.95,2.24
s21_t22,2.09,6.03,4.03,2.58
s21_t23,4.69,6.04,4.01,5.99
s21_t24,2.99,6.01,2.97,5.55
s21_t25,3.97,7.03,3.69,6.0
s21_t26,4.06,3.99,1.99,4.04
s21_t27,4.01,6.08,3.09,5.99
s21_t28,3.04,5.96,4.06,6.03
s21_t29,3.01,6.41,6.06,5.88
s21_t30,3.45,6.56,3.95,5.63
s21_t31,5.04,5.01,7.49,6.01
s21_t32,6.27,7.01,8.79,6.99
s21_t33,7.03,7.04,9.0,6.56
s21_t34,4.06,2.91,2.92,2.04
s21_t35,4.92,2.91,5.94,1.0
s21_t36,6.88,7.21,8.26,6.49
s21_t37,3.04,6.08,1.97,1.94
s21_t38,3.03,6.0,7.03,1.15
s21_t39,6.09,6.77,7.29,3.18
s21_t40,3.99,5.77,6.96,1.94
s22_t01,5.05,1.99,5.04,2.99
s22_t02,7.08,7.05,6.06,7.12
s22_t03,7.05,6.03,4.99,6.0
s22_t04,7.06,5.96,6.13,5.95
s22_t05,7.1,7.08,7.04,7.04
s22_t06,4.97,3.0,5.0,2.97
s22_t07,6.03,4.99,5.04,5.04
s22_t08,7.09,5.0,6.03,6.94
s22_t09,9.0,8.05,9.0,9.0
s22_t10,4.0,6.06,6.03,5.0
s22_t11,8.05,6.06,6.08,7.05
s22_t12,4.99,1.0,4.97,2.97
s22_t13,7.01,4.97,6.05,8.03
s22_t14,8.05,6.01,6.04,8.0
s22_t15,5.0,1.0,5.04,1.94
s22_t16,6.06,4.05,6.05,6.04
s22_t17,5.04,4.04,5.04,5.0
s22_t18,8.08,6.08,7.05,8.06
s22_t19,9.0,6.14,6.04,7.99
s22_t20,7.08,5.03,4.99,6.04
s22_t21,2.97,4.95,6.04,4.04
s22_t22,4.05,4.06,5.04,5.01
s22_t23,2.99,5.03,3.97,6.04
s22_t24,1.96,7.05,4.01,8.04
s22_t25,2.95,4.9,2.96,7.05
s22_t26,5.0,3.0,5.04,6.03
s22_t27,7.06,5.99,6.04,7.05
s22_t28,4.03,2.01,5.04,7.01
s22_t29,2.0,6.05,4.04,7.06
s22_t30,1.0,7.03,3.04,6.99
s22_t31,2.01,1.96,2.97,2.92
s22_t32,1.99,7.01,4.05,1.0
s22_t33,1.96,7.06,2.94,1.0
s22_t34,5.04,7.05,7.05,2.01
s22_t35,1.99,7.08,4.08,1.0
s22_t36,1.96,7.06,7.05,7.04
s22_t37,1.0,6.05,2.05,1.0
s22_t38,1.0,7.05,1.97,1.0
s22_t39,1.0,7.01,4.03,1.0
s22_t40,2.97,1.96,5.04,1.03
s23_t01,7.71,6.56,7.71,7.74
s23_t02,9.0,9.0,9.0,9.0
s23_t03,7.09,4.14,7.0,6.79
s23_t04,8.21,6.97,8.27,8.42
s23_t05,6.94,7.01,7.05,6.01
s23_t06,5.09,4.97,4.97,5.97
s23_t07,8.94,7.81,7.99,8.99
s23_t08,7.23,4.95,7.37,7.83
s23_t09,7.03,5.0,7.01,6.04
s23_t10,5.01,2.99,5.06,4.03
s23_t11,7.0,5.0,7.46,8.1
s23_t12,7.0,1.91,7.04,7.0
s23_t13,8.01,5.06,7.47,8.01
s23_t14,8.01,7.01,7.85,8.01
s23_t15,7.0,1.96,7.5,7.37
s23_t16,5.15,1.91,5.04,3.77
s23_t17,2.86,1.0,3.51,1.06
s23_t18,7.12,4.95,8.03,7.05
s23_t19,8.15,5.01,7.82,8.09
s23_t20,3.96,1.0,4.94,1.91
s23_t21,1.91,1.0,7.38,1.0
s23_t22,2.97,1.0,5.06,2.03
s23_t23,4.17,1.97,5.82,4.05
s23_t24,6.53,2.03,6.51,7.94
s23_t25,4.97,1.0,3.96,2.1
s23_t26,8.27,5.0,8.32,8.12
s23_t27,5.06,1.05,5.04,2.88
s23_t28,5.04,1.0,5.04,2.03
s23_t29,3.72,1.06,7.15,2.96
s23_t30,3.88,1.19,4.13,7.42
s23_t31,4.86,1.0,4.99,1.87
s23_t32,7.97,7.04,8.28,8.06
s23_t33,5.04,1.0,4.94,1.85
s23_t34,6.72,6.35,6.79,7.91
s23_t35,5.18,1.0,5.0,1.95
s23_t36,4.92,1.0,5.28,1.86
s23_t37,4.31,1.0,4.85,2.03
s23_t38,4.97,1.0,6.05,1.77
s23_t39,5.0,1.0,7.06,2.01
s23_t40,4.88,1.0,3.05,2.04
s24_t01,7.06,6.09,8.03,7.04
s24_t02,6.04,6.09,6.97,6.01
s24_t03,8.96,7.12,8.96,6.05
s24_t04,6.05,7.05,6.05,6.97
s24_t05,7.06,5.96,7.03,7.03
s24_t06,5.96,5.99,5.01,4.04
s24_t07,3.04,5.94,5.96,2.0
s24_t08,7.03,4.99,6.04,6.01
s24_t09,7.08,5.01,8.04,8.05
s24_t10,5.01,5.04,6.03,3.97
s24_t11,7.03,5.06,7.08,5.95
s24_t12,7.04,3.06,7.06,5.04
s24_t13,8.0,6.06,6.03,7.04
s24_t14,8.05,6.04,7.08,6.01
s24_t15,6.0,2.0,6.03,4.09
s24_t16,4.0,4.06,5.03,6.01
s24_t17,4.08,5.99,4.97,4.03
s24_t18,8.96,7.0,7.09,8.0
s24_t19,7.03,5.05,7.08,5.0
s24_t20,4.03,6.08,7.08,3.0
s24_t21,1.96,8.05,8.0,5.94
s24_t22,3.03,6.06,4.03,6.91
s24_t23,1.0,8.06,1.97,4.14
s24_t24,2.99,6.06,2.04,3.0
s24_t25,3.12,6.99,4.04,4.97
s24_t26,4.05,6.99,4.06,7.08
s24_t27,6.08,5.03,7.1,6.14
s24_t28,4.03,6.05,4.03,6.0
s24_t29,3.97,6.04,4.97,4.05
s24_t30,1.0,8.03,3.06,7.99
s24_t31,2.94,7.97,2.99,7.03
s24_t32,3.0,8.01,4.03,6.03
s24_t33,5.01,3.03,5.06,1.97
s24_t34,4.05,5.01,4.01,3.03
s24_t35,4.05,6.03,5.04,3.97
s24_t36,4.0,4.96,2.97,4.01
s24_t37,4.0,6.0,4.05,3.08
s24_t38,2.03,7.08,1.94,4.05
s24_t39,2.12,7.95,3.01,4.09
s24_t40,5.0,2.97,4.99,4.04
s25_t01,8.06,8.08,7.12,8.1
s25_t02,2.99,6.06,7.04,6.03
s25_t03,7.12,7.09,6.99,6.94
s25_t04,5.0,2.01,8.03,1.9
s25_t05,5.04,1.94,5.01,2.04
s25_t06,5.0,6.06,8.05,6.04
s25_t07,6.08,8.05,8.03,7.01
s25_t08,8.04,8.06,8.06,9.0
s25_t09,8.09,7.99,8.08,8.03
s25_t10,1.0,6.12,7.05,1.12
s25_t11,9.0,9.0,6.08,8.1
s25_t12,8.04,8.08,6.0,9.0
s25_t13,7.97,6.04,7.04,8.12
s25_t14,8.09,7.04,6.0,9.0
s25_t15,7.01,5.08,6.09,8.08
s25_t16,6.05,3.01,7.03,6.04
s25_t17,5.04,5.04,5.05,4.94
s25_t18,3.04,6.04,6.04,7.14
s25_t19,7.06,6.08,6.08,7.1
s25_t20,7.08,7.09,8.06,7.04
s25_t21,6.03,5.0,5.96,6.12
s25_t22,8.03,7.06,8.0,8.06
s25_t23,2.01,7.03,8.05,7.14
s25_t24,3.05,2.0,7.04,7.99
s25_t25,4.96,5.06,7.06,3.05
s25_t26,4.99,1.06,8.04,5.04
s25_t27,5.03,2.97,7.97,4.92
s25_t28,5.01,1.03,6.04,1.0
s25_t29,1.0,5.99,4.03,9.0
s25_t30,4.03,4.14,5.01,8.03
s25_t31,1.01,7.12,3.06,8.03
s25_t32,1.0,6.04,9.0,1.0
s25_t33,1.94,6.06,8.09,1.04
s25_t34,4.95,3.05,7.97,1.97
s25_t35,3.03,6.0,6.01,2.09
s25_t36,3.0,7.1,4.08,7.1
s25_t37,1.0,7.08,9.0,1.0
s25_t38,1.0,7.05,8.09,1.0
s25_t39,1.0,6.06,8.0,1.0
s25_t40,1.0,4.97,8.09,1.0
s26_t01,7.97,7.9,6.21,8.86
s26_t02,6.96,7.13,6.05,8.13
s26_t03,9.0,8.08,7.1,8.96
s26_t04,8.03,8.05,6.09,9.0
s26_t05,4.0,3.01,5.04,2.01
s26_t06,8.09,7.04,7.04,9.0
s26_t07,6.08,7.1,7.0,7.08
s26_t08,8.01,8.17,7.12,9.0
s26_t09,8.05,7.17,6.04,9.0
s26_t10,3.08,2.91,2.92,6.06
s26_t11,8.04,6.88,5.99,8.96
s26_t12,7.04,5.04,5.97,7.04
s26_t13,7.12,2.94,6.05,7.1
s26_t14,9.0,8.05,7.13,9.0
s26_t15,7.01,5.04,4.92,6.12
s26_t16,6.19,3.0,6.1,3.12
s26_t17,5.04,5.03,5.04,5.14
s26_t18,9.0,2.99,6.17,8.99
s26_t19,8.0,7.06,6.03,7.96
s26_t20,8.08,6.97,7.05,9.0
s26_t21,6.06,2.94,5.06,7.22
s26_t22,6.97,4.99,6.23,6.88
s26_t23,2.28,2.88,3.96,6.13
s26_t24,9.0,4.96,6.12,9.0
s26_t25,7.14,3.95,5.03,8.15
s26_t26,5.05,4.04,5.04,6.0
s26_t27,6.0,4.03,5.04,9.0
s26_t28,5.97,5.04,3.95,6.09
s26_t29,6.09,4.9,6.04,8.97
s26_t30,4.95,2.01,2.88,7.1
s26_t31,1.97,1.94,3.09,6.97
s26_t32,1.96,1.96,4.12,6.97
s26_t33,1.0,1.0,3.99,1.0
s26_t34,1.0,5.01,3.18,3.01
s26_t35,2.97,1.0,3.09,3.96
s26_t36,2.92,1.92,2.72,6.01
s26_t37,1.0,1.0,2.79,1.0
s26_t38,1.15,1.06,2.18,1.0
s26_t39,1.95,1.97,3.97,1.04
s26_t40,3.06,1.0,4.97,2.05
s27_t01,6.03,5.04,9.0,6.0
s27_t02,7.0,7.03,9.0,8.1
s27_t03,9.0,8.04,9.0,9.0
s27_t04,7.05,7.01,9.0,7.08
s27_t05,4.97,1.0,9.0,1.0
s27_t06,7.0,5.04,8.08,7.96
s27_t07,4.94,5.04,9.0,7.03
s27_t08,8.24,8.17,8.01,9.0
s27_t09,8.99,9.0,9.0,9.0
s27_t10,6.01,5.04,7.06,7.03
s27_t11,9.0,5.04,9.0,8.05
s27_t12,4.18,5.04,8.96,5.04
s27_t13,7.01,7.14,9.0,8.03
s27_t14,8.06,7.03,9.0,9.0
s27_t15,5.04,3.06,9.0,5.04
s27_t16,8.06,6.06,8.95,8.03
s27_t17,9.0,7.08,9.0,9.0
s27_t18,9.0,8.99,9.0,9.0
s27_t19,5.06,2.0,9.0,4.04
s27_t20,6.97,5.04,9.0,6.06
s27_t21,9.0,8.14,9.0,8.12
s27_t22,7.29,5.04,9.0,8.08
s27_t23,8.0,6.04,9.0,8.03
s27_t24,8.9,7.97,8.97,7.99
s27_t25,4.0,1.0,9.0,6.04
s27_t26,5.04,2.06,9.0,6.08
s27_t27,4.97,1.0,9.0,1.0
s27_t28,5.04,2.01,9.0,7.06
s27_t29,7.18,5.04,9.0,7.03
s27_t30,7.08,7.04,8.96,8.0
s27_t31,5.08,6.04,8.04,7.09
s27_t32,5.04,5.03,9.0,6.0
s27_t33,5.04,3.04,8.97,5.04
s27_t34,2.85,1.0,9.0,1.12
s27_t35,1.0,1.0,5.03,5.04
s27_t36,6.13,7.21,9.0,8.1
s27_t37,2.99,5.03,7.1,5.13
s27_t38,1.0,4.91,6.92,1.0
s27_t39,2.14,1.01,9.0,1.97
s27_t40,5.04,3.06,9.0,5.04
s28_t01,7.03,7.09,8.01,8.01
s28_t02,7.99,8.1,8.06,9.0
s28_t03,9.0,7.04,7.0,9.0
s28_t04,8.08,7.09,6.96,8.08
s28_t05,7.04,8.03,8.19,9.0
s28_t06,8.15,8.1,8.06,9.0
s28_t07,8.09,9.0,7.08,9.0
s28_t08,7.01,2.09,2.99,6.01
s28_t09,5.04,5.0,5.04,4.99
s28_t10,7.99,7.13,8.08,8.08
s28_t11,7.01,4.03,6.0,7.03
s28_t12,6.06,2.05,5.04,5.99
s28_t13,2.09,1.01,2.05,1.9
s28_t14,8.03,3.04,7.04,8.97
s28_t15,5.04,1.0,3.03,2.01
s28_t16,6.91,2.01,5.97,7.97
s28_t17,6.99,3.09,7.05,6.97
s28_t18,8.08,2.97,5.06,8.0
s28_t19,7.03,7.08,7.06,9.0
s28_t20,8.04,6.99,5.01,7.99
s28_t21,2.01,1.95,3.0,4.95
s28_t22,5.03,1.0,5.0,2.05
s28_t23,2.03,3.04,1.99,2.01
s28_t24,4.04,3.01,3.04,6.0
s28_t25,4.06,3.05,6.97,8.09
s28_t26,1.99,1.0,1.91,2.0
s28_t27,6.08,6.01,6.01,6.94
s28_t28,2.9,1.85,3.09,2.0
s28_t29,2.06,1.97,2.92,3.0
s28_t30,1.99,2.0,2.88,9.0
s28_t31,6.91,7.04,7.99,7.06
s28_t32,3.05,7.05,8.01,3.03
s28_t33,7.01,7.92,9.0,7.06
s28_t34,5.99,7.06,7.03,6.0
s28_t35,1.08,6.05,8.96,1.0
s28_t36,3.08,2.96,1.92,1.88
s28_t37,1.01,5.0,8.95,1.0
s28_t38,1.96,7.96,9.0,1.0
s28_t39,1.04,3.06,2.05,2.06
s28_t40,7.1,7.04,7.14,7.97
s29_t01,6.06,5.06,6.05,6.04
s29_t02,7.05,7.05,7.01,8.1
s29_t03,9.0,7.08,8.01,8.08
s29_t04,7.17,8.09,8.06,6.99
s29_t05,6.05,8.05,8.06,8.0
s29_t06,8.03,6.08,7.04,8.06
s29_t07,7.04,7.1,8.06,7.12
s29_t08,7.04,5.0,6.03,7.05
s29_t09,7.06,6.06,7.03,7.08
s29_t10,7.01,9.0,9.0,7.95
s29_t11,8.03,7.01,7.01,7.01
s29_t12,6.04,4.05,5.04,4.08
s29_t13,6.06,2.92,3.96,6.08
s29_t14,8.06,5.05,8.03,9.0
s29_t15,4.01,1.97,3.0,3.29
s29_t16,3.0,1.0,2.05,1.91
s29_t17,5.08,1.0,2.03,3.0
s29_t18,7.01,5.04,6.03,6.09
s29_t19,7.05,6.06,5.05,5.99
s29_t20,8.03,7.09,9.0,6.97
s29_t21,2.92,2.03,8.03,1.0
s29_t22,3.05,2.99,3.04,5.04
s29_t23,2.05,1.0,2.88,1.92
s29_t24,4.12,7.0,7.1,6.05
s29_t25,3.03,3.97,4.06,4.0
s29_t26,3.0,1.0,2.0,1.0
s29_t27,7.09,6.06,8.99,7.94
s29_t28,1.04,2.1,2.03,5.01
s29_t29,3.97,1.0,4.03,3.04
s29_t30,2.95,7.12,2.1,6.04
s29_t31,1.0,8.04,2.04,1.0
s29_t32,4.04,9.0,7.08,4.01
s29_t33,1.99,7.03,1.0,1.0
s29_t34,3.95,7.97,3.04,1.0
s29_t35,1.92,8.04,1.99,1.0
s29_t36,5.03,7.05,8.05,5.04
s29_t37,5.01,5.0,7.03,1.0
s29_t38,1.88,1.79,1.0,1.0
s29_t39,6.05,8.08,9.0,4.95
s29_t40,6.01,7.09,8.05,6.05
s30_t01,5.04,5.04,5.04,5.04
s30_t02,7.15,6.12,4.95,7.94
s30_t03,6.15,5.92,5.92,7.01
s30_t04,7.04,6.96,6.06,7.09
s30_t05,6.19,6.94,5.04,6.08
s30_t06,6.22,5.95,6.19,6.01
s30_t07,4.05,4.06,4.03,2.96
s30_t08,6.05,6.01,6.19,5.94
s30_t09,7.08,6.14,4.99,7.0
s30_t10,5.08,4.99,9.0,2.97
s30_t11,6.06,7.14,5.23,6.08
s30_t12,5.15,3.0,5.04,2.01
s30_t13,4.04,4.97,3.96,2.95
s30_t14,5.04,5.0,5.04,6.14
s30_t15,5.01,4.01,5.0,2.79
s30_t16,5.04,5.04,5.03,5.04
s30_t17,7.13,6.06,5.0,5.03
s30_t18,7.05,5.06,7.03,6.97
s30_t19,8.27,7.03,5.01,7.19
s30_t20,7.26,7.06,7.03,8.12
s30_t21,3.05,2.9,3.05,1.0
s30_t22,4.05,4.03,4.18,3.06
s30_t23,3.0,2.99,3.06,1.03
s30_t24,5.99,4.95,6.05,6.08
s30_t25,3.92,4.0,3.99,4.0
s30_t26,5.01,1.0,5.05,3.18
s30_t27,8.01,6.27,6.0,7.12
s30_t28,5.06,4.97,3.91,3.12
s30_t29,7.23,5.1,5.1,6.05
s30_t30,4.04,6.14,4.09,5.99
s30_t31,3.86,3.95,5.12,3.97
s30_t32,5.01,3.94,7.04,4.03
s30_t33,3.91,3.05,4.09,1.0
s30_t34,4.99,6.01,4.91,3.05
s30_t35,5.04,4.94,5.04,7.15
s30_t36,4.03,2.96,6.88,3.0
s30_t37,4.13,3.95,2.71,2.03
s30_t38,5.04,5.04,5.04,5.04
s30_t39,2.97,4.12,5.04,1.0
s30_t40,5.05,3.99,9.0,2.04
s31_t01,6.79,5.97,8.08,8.09
s31_t02,5.03,7.06,3.08,4.03
s31_t03,8.04,5.08,7.05,8.09
s31_t04,6.97,2.96,5.97,6.99
s31_t05,6.22,5.03,6.13,7.08
s31_t06,4.99,4.97,6.06,6.1
s31_t07,6.05,5.06,5.04,6.29
s31_t08,6.03,4.04,6.12,8.01
s31_t09,6.06,3.88,6.04,6.96
s31_t10,4.01,6.08,1.62,5.03
s31_t11,9.0,2.82,8.23,9.0
s31_t12,7.14,2.1,2.86,8.03
s31_t13,8.09,4.04,8.04,8.09
s31_t14,8.06,3.95,8.03,8.08
s31_t15,6.05,1.0,8.03,6.13
s31_t16,6.09,4.0,2.03,7.05
s31_t17,4.94,2.1,5.04,5.95
s31_t18,7.06,2.62,6.9,8.12
s31_t19,7.95,6.06,6.04,7.01
s31_t20,6.9,3.12,7.86,6.0
s31_t21,5.09,8.04,8.05,6.09
s31_t22,5.04,3.96,5.04,5.99
s31_t23,1.0,7.08,8.04,4.09
s31_t24,5.0,2.06,7.04,5.99
s31_t25,6.14,3.1,7.97,7.06
s31_t26,7.08,1.96,4.05,8.04
s31_t27,5.0,1.95,5.04,7.17
s31_t28,5.01,1.96,7.0,6.97
s31_t29,5.09,1.0,8.03,6.09
s31_t30,3.13,8.01,1.0,7.06
s31_t31,5.0,5.0,3.03,6.92
s31_t32,1.0,7.97,1.01,1.04
s31_t33,4.18,9.0,2.85,1.88
s31_t34,1.95,8.03,2.08,1.0
s31_t35,4.03,7.14,1.81,1.0
s31_t36,4.97,6.95,1.96,1.96
s31_t37,1.0,9.0,1.01,1.0
s31_t38,1.0,9.0,1.0,1.0
s31_t39,1.0,9.0,1.0,1.01
s31_t40,3.99,8.06,2.09,2.03
s32_t01,8.13,4.83,9.0,4.87
s32_t02,4.99,2.99,7.96,1.01
s32_t03,8.05,7.09,8.86,7.08
s32_t04,6.96,5.14,9.0,6.14
s32_t05,7.15,5.94,9.0,4.81
s32_t06,5.78,3.99,7.99,2.28
s32_t07,4.94,4.09,9.0,2.09
s32_t08,7.96,6.06,8.05,7.15
s32_t09,7.86,4.17,8.94,7.04
s32_t10,4.08,5.95,8.82,3.9
s32_t11,8.24,6.22,8.99,6.88
s32_t12,7.31,3.88,9.0,5.33
s32_t13,7.09,3.87,9.0,6.99
s32_t14,7.1,6.03,9.0,6.83
s32_t15,5.01,1.77,9.0,2.81
s32_t16,3.97,6.0,7.03,6.23
s32_t17,6.09,5.03,9.0,3.94
s32_t18,8.03,7.06,8.96,8.18
s32_t19,8.24,7.24,9.0,8.04
s32_t20,6.03,4.12,9.0,5.03
s32_t21,4.12,5.99,7.17,3.83
s32_t22,4.15,6.06,8.09,6.18
s32_t23,3.01,6.15,5.08,6.17
s32_t24,1.0,7.31,4.85,6.86
s32_t25,4.01,7.17,8.01,6.94
s32_t26,5.14,3.09,8.83,3.08
s32_t27,6.0,7.24,7.97,5.81
s32_t28,6.03,5.0,8.28,6.36
s32_t29,4.09,6.08,8.97,4.0
s32_t30,1.0,7.27,4.73,6.92
s32_t31,4.17,5.96,7.13,1.97
s32_t32,3.87,7.15,7.13,6.23
s32_t33,4.06,1.0,6.96,1.0
s32_t34,4.05,6.27,7.03,1.26
s32_t35,3.88,7.26,6.04,1.0
s32_t36,3.91,6.96,5.82,3.12
s32_t37,2.81,6.13,6.06,1.04
s32_t38,3.05,7.01,5.1,1.1
s32_t39,3.99,7.17,4.85,1.0
s32_t40,7.15,4.03,9.0,1.88
